stop_name,train_class,avg_arrival_delay,median_arrival_delay,count_trains,count_stops,count_3m_delay,count_5m_delay,count_10m_delay
AUGUSTA,DIR,43.0,43.0,1,1,1,1,1
BRUCOLI,DIR,35.0,35.0,1,1,1,1,1
LENTINI,DIR,27.0,27.0,1,1,1,1,1
PRIOLO MELILLI,DIR,58.0,58.0,1,1,1,1,1
SCALETTA ZANCLEA,DIR,15.0,15.0,1,1,1,1,1
CATANIA CENTRALE,DIR,28.0,28.0,1,1,1,1,1
FIUMEFREDDO DI SICILIA,DIR,22.0,22.0,1,1,1,1,1
MESSINA CENTRALE,DIR,13.0,13.0,1,1,1,1,1
TAORMINA,DIR,21.0,21.0,1,1,1,1,1
ACIREALE,DIR,27.0,27.0,1,1,1,1,1
ALI` TERME,DIR,14.0,14.0,1,1,1,1,1
GIARRE RIPOSTO,DIR,26.0,26.0,1,1,1,1,1
SANTA TERESA DI RIVA,DIR,14.0,14.0,1,1,1,1,1
